Workbook

Sheet Data
A1: FormID | B1: PTBID | C1: First | D1: Last | E1: Email | F1: Active | G1: Leave | H1: Status | I1: Explanation | J1: Mandate Reason | K1: Employment Explanation | L1: OtherLE | M1: Explanation | N1: Misconduct | O1: Misconduct Explanation | P1: Date
A2: Numeric ID | B2: Numeric ID | C2: Text | D2: Text | E2: Email | F2: Yes / No | G2: Yes / No | H2: Predefined List | I2: Free Text (most blank) | J2: Free Text (most blank) | K2: Free Text (most blank) | L2: Yes / No | M2: Free Text (most blank) | N2: Yes / No | O2: Free Text (most blank) | P2: Date

Sheet Dashboard
B2: Officer Verification Dashboard
B3: All metrics auto-update when data is pasted into the Data sheet (starting row 3).
B5: Population & Submission Summary
B7: Total Officer Population | E7: Records in Data (Submitted) | F7: =COUNTA(Data!A:A)-2
B8: Not Yet Submitted | C8: =IF(C7="","—",C7-(COUNTA(Data!A:A)-2)) | E8: Submission Rate (of population) | F8: =IF(OR(C7="",C7=0),0,(COUNTA(Data!A:A)-2)/C7)
B10: Officer Status Counts | E10: Compliance & Attention Flags
B11: Active = Yes | C11: =COUNTIF(Data!F:F,"Yes") | E11: Misconduct = Yes | F11: =COUNTIF(Data!N:N,"Yes")
B12: Active = No | C12: =COUNTIF(Data!F:F,"No") | E12: Misconduct = Yes AND has Date | F12: =COUNTIFS(Data!N:N,"Yes",Data!P:P,"<>")
B13: Leave = Yes | C13: =COUNTIF(Data!G:G,"Yes") | E13: Active = Yes AND Misconduct = Yes | F13: =COUNTIFS(Data!F:F,"Yes",Data!N:N,"Yes")
B14: Leave = No | C14: =COUNTIF(Data!G:G,"No")
B15: OtherLE = Yes | C15: =COUNTIF(Data!L:L,"Yes") | E15: Explanation Fields Populated
B16: OtherLE = No | C16: =COUNTIF(Data!L:L,"No") | E16: Explanation [col I] (non-blank) | F16: =COUNTA(Data!I3:I1048576)
B17: Misconduct = Yes | C17: =COUNTIF(Data!N:N,"Yes") | E17: Mandate Reason (non-blank) | F17: =COUNTA(Data!J3:J1048576)
B18: Misconduct = No | C18: =COUNTIF(Data!N:N,"No") | E18: Employment Explanation (non-blank) | F18: =COUNTA(Data!K3:K1048576)
E19: OtherLE Explanation [col M] (non-blank) | F19: =COUNTA(Data!M3:M1048576)
B20: Status Breakdown | E20: Misconduct Explanation (non-blank) | F20: =COUNTA(Data!O3:O1048576)
B21: Compliant | C21: =COUNTIF(Data!H:H,"Compliant")
B22: Non-Compliant | C22: =COUNTIF(Data!H:H,"Non-Compliant") | E22: Quick Cross-Tabs
B23: In Progress | C23: =COUNTIF(Data!H:H,"In Progress") | E23: Active = Yes AND Leave = Yes | F23: =COUNTIFS(Data!F:F,"Yes",Data!G:G,"Yes")
B24: Expired | C24: =COUNTIF(Data!H:H,"Expired") | E24: Active = Yes AND OtherLE = Yes | F24: =COUNTIFS(Data!F:F,"Yes",Data!L:L,"Yes")
B25: Exempt | C25: =COUNTIF(Data!H:H,"Exempt") | E25: Leave = Yes AND Misconduct = Yes | F25: =COUNTIFS(Data!G:G,"Yes",Data!N:N,"Yes")
B26: Pending | C26: =COUNTIF(Data!H:H,"Pending")
B27: Not Started | C27: =COUNTIF(Data!H:H,"Not Started") | E27: Column Reference
B28: (Other / unlisted values) | C28: =MAX(0, COUNTA(Data!H3:H1048576) - (COUNTIF(Data!H:H,"Compliant")+COUNTIF(Data!H:H,"Non-Compliant")+COUNTIF(Data!H:H,"In Progress")+COUNTIF(Data!H:H,"Expired")+COUNTIF(Data!H:H,"Exempt")+COUNTIF(Data!H:H,"Pending")+COUNTIF(Data!H:H,"Not Started"))) | E28: A: FormID | F28: Numeric ID
E29: B: PTBID | F29: Numeric ID
E30: C–D: First / Last | F30: Text
E31: E: Email | F31: Email address
E32: F: Active | F32: Yes / No
E33: G: Leave | F33: Yes / No
E34: H: Status | F34: Predefined list
E35: I: Explanation | F35: Free text (compliance)
E36: J: Mandate Reason | F36: Free text
E37: K: Employment Explanation | F37: Free text
E38: L: OtherLE | F38: Yes / No
E39: M: Explanation | F39: Free text (OtherLE)
E40: N: Misconduct | F40: Yes / No
... E42: P: Date | F42: Date submitted
B44: Notes: Row 2 on the Data sheet describes each column's data type. Paste officer records starting at row 3. Status breakdown uses common values — check "Other / unlisted" row if your labels differ. Enter Total Officer Population manually in the blue box above (C7).
